Glucose,BMI,Age,DiabetesPedigreeFunction,Pregnancies,BloodPressure,SkinThickness,Insulin
0.27992542135500215,0.17243343057136895,0.14287684775000153,0.1188928637227252,0.0819644511274655,0.07655807943168719,0.06504799890807614,0.0623009071336734
